{"cameraMode":{"drawMode":0,"name":"Shaded","section":"Shading Mode"},"sceneLighting":false,"audioPlay":false,"sceneViewState":{"m_AlwaysRefresh":false,"showFog":true,"showSkybox":false,"showFlares":true,"showImageEffects":true,"showParticleSystems":true,"showVisualEffectGraphs":true,"m_FxEnabled":true},"in2DMode":false,"pivot":{"x":0.001807384891435504,"y":0.00014922453556209803,"z":0.002277398481965065},"rotation":{"x":0.014674631878733635,"y":-0.05187544226646423,"z":-0.0007671093917451799,"w":-0.9985241293907166},"size":4.124085903167725,"orthographic":false}